<?xml version="1.0" encoding="UTF-8"?>
<hibernate-configuration>
    <session-factory>

        <!-- Database Connection Settings -->
        <property name="hibernate.connection.driver_class">com.mysql.cj.jdbc.Driver</property>
        <property name="hibernate.connection.url">jdbc:mysql://localhost:3306/job_portal</property>
        <property name="hibernate.connection.username">root</property>
        <property name="hibernate.connection.password">Hema2010@97</property>
        <property name="hibernate.dialect">org.hibernate.dialect.MySQL5Dialect</property>
        <property name="hibernate.show_sql">true</property>
        <property name="hibernate.hbm2ddl.auto">update</property>

        <!-- Mappings -->
        <mapping class="com.jobportal.entity.User" />
        <mapping class="com.jobportal.entity.Job" />
        <mapping class="com.jobportal.entity.Company"/>
        

    </session-factory>
</hibernate-configuration>